Tittel,Slug,SEO Tittel,SEO Beskrivelse,Hovedkategori,Aktiv
Barn på tur tegning – Enkle fargeleggingsark til reisen,barn-pa-tur-tegning,Fargelegge For Barn På Tur - (30+ Gratis Utskiftbare Tegninger),"Barn på tur tegning! – Enkle og morsomme fargeleggingsark til reisen. Perfekt aktivitet for barn i bil, tog, fly eller på hytta – klare til utskrift eller digital fargelegging!",Høytider,Ja
Disney Prinsesser,disney-prinsesser,Fargelegg Disney Prinsesser – Tegn Online Eller Last Ned,Fargelegg Disney Prinsesser gratis! Tegn rett i nettleseren eller skriv ut høyoppløselige PDF-filer. Perfekt aktivitet for barn hjemme eller på skolen.,Tegneserier,Nei
Fargelegg Barbie,fargelegg-barbie,Fargelegg Barbie – Tegn Online Eller Last Ned Gratis,Fargelegg Barbie gratis! Tegn rett i nettleseren eller skriv ut høyoppløselige PDF-filer. Perfekt aktivitet for barn hjemme eller på skolen.,Tegneserier,Nei
Fargelegg Biler,fargelegg-biler,Fargelegg Biler – Tegn Online Eller Last Ned Gratis,Fargelegg raske og kule biler rett i nettleseren eller last ned gratis som PDF. Perfekt aktivitet for barn som elsker fart og spenning!,Kjøretøy,Ja
Fargelegg Bokstaver Og Alfabetet,fargelegg-bokstaver-og-alfabetet,Fargelegg Bokstaver Og Alfabetet – Tegn Eller Last Ned ,Fargelegg Bokstaver Og Alfabetet gratis! Tegn rett i nettleseren eller skriv ut høyoppløselige PDF-filer. Perfekt aktivitet for barn hjemme eller på skolen.,Vitenskap,Ja
Fargelegg Captain America,fargelegg-captain-america,Fargelegg Captain America – Tegn Online Eller Last Ned!,Fargelegg Captain America gratis! Tegn rett i nettleseren eller skriv ut høyoppløselige PDF-filer. Perfekt aktivitet for barn hjemme eller på skolen.,Superhelter,Nei
Fargelegg DeadPool,fargelegg-deadpool,Fargelegg Deadpool – Tegn Online Eller Last Ned Gratis,Fargelegg Deadpool gratis! Tegn rett i nettleseren eller skriv ut høyoppløselige PDF-filer. Perfekt aktivitet for barn hjemme eller på skolen.,Superhelter,Nei
Fargelegg Disney Figurer ,fargelegg-disney-figurer,Fargelegg Disney Figurer  – Tegn Online Eller Last Ned Gratis,Fargelegg Disney Figurer gratis! Tegn rett i nettleseren eller skriv ut høyoppløselige PDF-filer. Perfekt aktivitet for barn hjemme eller på skolen.,Tegneserier,Nei
Fargelegg Elsa,fargelegg-elsa,Fargelegg Elsa – Tegn Online Eller Last Ned Gratis,Fargelegg Elsa gratis! Tegn rett i nettleseren eller skriv ut høyoppløselige PDF-filer. Perfekt aktivitet for barn hjemme eller på skolen.,Tegneserier,Nei
Fargelegg Enhjørninger,fargelegg-enhjorninger,Fargelegg Enhjørninger – Tegn Online Eller Last Ned Gratis,Fargelegg Enhjørninger gratis! Tegn rett i nettleseren eller skriv ut høyoppløselige PDF-filer. Perfekt aktivitet for barn hjemme eller på skolen.,Tegneserier,Ja
Fargelegg Gresskar,fargelegg-gresskar,Fargelegg Gresskar Tegninger– Tegn Online Eller Last Ned Gratis,Fargelegg søte og morsomme gresskar tegninger! Tegn direkte i nettleseren eller last ned gratis PDF-ark i høy kvalitet. Passer perfekt for barn og voksne i alle aldre.,Mat,Ja
Fargelegg Harry Potter,fargelegg-harry-potter,Fargelegg Harry Potter – Tegn Online Eller Last Ned Gratis,Fargelegg Harry Potter gratis! Tegn rett i nettleseren eller skriv ut høyoppløselige PDF-filer. Perfekt aktivitet for barn hjemme eller på skolen.,Tegneserier,Nei
Fargelegg Hello Kitty,fargelegg-hello-kitty,Fargelegg Hello Kitty – Tegn Online Eller Last Ned Gratis,Fargelegg Hello Kitty gratis! Tegn rett i nettleseren eller skriv ut høyoppløselige PDF-filer. Perfekt aktivitet for barn hjemme eller på skolen.,Tegneserier,Nei
Fargelegg Hunder,fargelegg-hunder,Fargelegg Hunder – Tegn Online Eller Last Ned Gratis,Fargelegg hunder gratis! Tegn rett i nettleseren eller skriv ut høyoppløselige PDF-filer. Perfekt aktivitet for barn hjemme eller på skolen.,Dyr,Ja
Fargelegg Høstens Motiver,fargelegg-hostens-motiver,Fargelegg Høsten– Tegn Online Eller Last Ned Gratis,Fargelegg høsten gratis! Tegn rett i nettleseren eller skriv ut høyoppløselige PDF-filer. Perfekt aktivitet for barn hjemme eller på skolen.,Natur,Ja
Fargelegg Karakterene i My Little Pony,fargelegg-karakterene-i-my-little-pony,Fargelegg My Little Pony – Tegn Online Eller Last Ned Gratis,Fargelegg My Little Pony gratis! Tegn rett i nettleseren eller skriv ut høyoppløselige PDF-filer. Perfekt aktivitet for barn hjemme eller på skolen.,Tegneserier,Nei
Fargelegg Katter,fargelegg-katter,Fargelegg Katter – Tegn Online Eller Last Ned Gratis,Fargelegg katter gratis! Tegn rett i nettleseren eller skriv ut høyoppløselige PDF-filer. Perfekt aktivitet for barn hjemme eller på skolen.,Dyr,Ja
Fargelegg Mario,fargelegg-mario,Fargelegg Mario – Tegn Online Eller Last Ned Gratis,Fargelegg Mario gratis! Tegn rett i nettleseren eller skriv ut høyoppløselige PDF-filer. Perfekt aktivitet for barn hjemme eller på skolen.,Superhelter,Nei
Fargelegg Minions,fargelegg-minions,Fargelegg Minions – Tegn Online Eller Last Ned Gratis,Fargelegg Minions gratis! Tegn rett i nettleseren eller skriv ut høyoppløselige PDF-filer. Perfekt aktivitet for barn hjemme eller på skolen.,Tegneserier,Nei
Fargelegg Monster Truck,fargelegg-monster-truck,Fargelegg Monster Truck – Tegn Online Eller Last Ned Gratis,Fargelegg Monster Trucker gratis! Tegn rett i nettleseren eller skriv ut høyoppløselige PDF-filer. Perfekt aktivitet for barn hjemme eller på skolen.,Kjøretøy,Ja
Fargelegg Muffin,fargelegg-muffin,Fargelegg Muffins – Tegn Online Eller Last Ned Gratis,Fargelegg søte og morsomme muffins! Tegn direkte i nettleseren eller last ned gratis PDF-ark i høy kvalitet. Passer perfekt for barn og voksne i alle aldre.,Mat,Ja
Fargelegg Ninjago,fargelegg-ninjago,Fargelegg Ninjago – Tegn Online Eller Last Ned Gratis,Fargelegg Ninjago gratis! Tegn rett i nettleseren eller skriv ut høyoppløselige PDF-filer. Perfekt aktivitet for barn hjemme eller på skolen.,Tegneserier,Nei
Fargelegg Ole Brumm,fargelegg-ole-brumm,Fargelegg Ole Brumm – Tegn Online Eller Last Ned Gratis,Fargelegg Ole Brumm gratis! Tegn rett i nettleseren eller skriv ut høyoppløselige PDF-filer. Perfekt aktivitet for barn hjemme eller på skolen.,Tegneserier,Nei
Fargelegg Prinsesser,fargelegg-prinsesser,Fargelegg Prinsesser – Tegn Online Eller Last Ned Gratis,Fargelegg Prinsesser gratis! Tegn rett i nettleseren eller skriv ut høyoppløselige PDF-filer. Perfekt aktivitet for barn hjemme eller på skolen.,Tegneserier,Ja
Fargelegg Slanger,fargelegg-slanger,Fargelegg Slange-Tegninger – Tegn Online Eller Last Ned Gratis,"Fargelegg Slanger – Enkle og utfordrende fargeleggingsbilder! Kvelerslanger, hoggorm og andre fascinerende slanger klare til fargelegging. Perfekt for både barn og voksne!",Dyr,Ja
Fargelegg Solsystemet,fargelegg-solsystemet,Fargelegg Solsystemet – Tegn Online Eller Last Ned Gratis,Fargelegg Solsystemet gratis! Tegn rett i nettleseren eller skriv ut høyoppløselige PDF-filer. Perfekt aktivitet for barn hjemme eller på skolen.,Vitenskap,Ja
Fargelegg Sommeren,fargelegg-sommeren,Fargelegg Sommeren – Tegn Online Eller Last Ned Gratis,Fargelegg Sommeren gratis! Tegn rett i nettleseren eller skriv ut høyoppløselige PDF-filer. Perfekt aktivitet for barn hjemme eller på skolen.,Natur,Ja
Fargelegg Sonic,fargelegg-sonic,Fargelegg Sonic – Tegn Online Eller Last Ned Gratis,Fargelegg Sonic gratis! Tegn rett i nettleseren eller skriv ut høyoppløselige PDF-filer. Perfekt aktivitet for barn hjemme eller på skolen.,Superhelter,Nei
Fargelegg Spiderman,fargelegg-spiderman,Fargelegg Spiderman – Tegn Online Eller Last Ned Gratis,Fargelegg Spiderman gratis! Tegn rett i nettleseren eller skriv ut høyoppløselige PDF-filer. Perfekt aktivitet for barn hjemme eller på skolen.,Superhelter,Nei
Fargelegg Stjernetegn,fargelegg-stjernetegn,Fargelegg Stjernetegn – Tegn Online Eller Last Ned Gratis,Fargelegg Stjernetegn gratis! Tegn rett i nettleseren eller skriv ut høyoppløselige PDF-filer. Perfekt aktivitet for barn hjemme eller på skolen.,Vitenskap,Ja
Fargelegg Svampebob,fargelegg-svampebob,Fargelegg Svampebobb – Tegn Online Eller Last Ned Gratis,Fargelegg Svampebobb gratis! Tegn rett i nettleseren eller skriv ut høyoppløselige PDF-filer. Perfekt aktivitet for barn hjemme eller på skolen.,Tegneserier,Nei
Fargelegg Tegning Av Bondegård,fargelegg-tegning-av-bondegard,Fargelegg Bondegård Tegninger– Tegn Online Eller Last Ned Gratis,Fargelegg koselige og morsomme bondegård tegninger! Tegn direkte i nettleseren eller last ned gratis PDF-ark i høy kvalitet. Passer perfekt for barn og voksne i alle aldre.,Natur,Ja
Fargelegg Tiger,fargelegg-tiger,Fargelegg Tigere – Tegn Online Eller Last Ned Gratis,Fargelegg tigere gratis! Tegn rett i nettleseren eller skriv ut høyoppløselige PDF-filer. Perfekt aktivitet for barn hjemme eller på skolen.,Dyr,Ja
Fargelegg Traktorer,fargelegg-traktorer,Fargelegg Traktor – Tegn Online Eller Last Ned Gratis,Fargelegg traktor gratis! Tegn rett i nettleseren eller skriv ut høyoppløselige PDF-filer. Perfekt aktivitet for barn hjemme eller på skolen.,Kjøretøy,Ja
Fargelegg Verdensrommet,fargelegg-verdensrommet,Fargelegg Verdensrommet – Tegn Online Eller Last Ned Gratis,Fargelegg Verdensrommet gratis! Tegn rett i nettleseren eller skriv ut høyoppløselige PDF-filer. Perfekt aktivitet for barn hjemme eller på skolen.,Vitenskap,Ja
Fargelegge Bamse,fargelegge-bamse,Fargelegg Bamse Tegninger – Tegn Online Eller Last Ned Gratis,"Fargelegg Fotball – Enkle og kule fargeleggingsbilder! Spillere, dommere og spennende fotballscener klare til fargelegging. Perfekt for både barn og voksne!",Tegneserier,Ja
Fargelegge Blader,fargelegge-blader,Fargelegge Blader Tegning  - (36+ Gratis Utskiftbare Tegninger),Fargelegg blader! Vakre og lærerike tegninger av blader i alle former og fasonger. Last ned gratis og skriv ut i A4 eller A3.,Natur,Ja
Fargelegge Båt,fargelegge-bat,Fargelegge Båt Tegning  - (36+ Gratis Utskiftbare Tegninger),"Fargelegg Båt! – Enkle, spennende og lærerike fargeleggingsbilder! Forskjellige scener, morsomme og spennende motiver – klare til fargelegging. Perfekt for både barn og voksne!",Kjøretøy,Ja
Fargelegge Dinosaur,fargelegge-dinosaur,Fargelegg Dinosaur Tegninger – Tegn Online Eller Last Ned Gratis,Fargelegg dinosaurer – Enkle og vanskelig fargeleggings bilde! T-rex og andre dinosaurer klar til fargelegging. Perfekt for både barn og voksne.,Dyr,Ja
Fargelegge Drage,fargelegge-drage,Fargelegg Drage Tegninger – Tegn Online Eller Last Ned Gratis,Fargelegg drager – Vanskelig og enkle fargelegginsarkfor barn og voksne. Tegn direkte i nettleseren eller last ned gratis høyoppløselige PDF-ark.,Dyr,Ja
Fargelegge Edderkopp ,fargelegge-edderkopp,Edderkopp Tegninger Til Fargelegging – 35+ gratis motiver for barn,Utforsk spennende tegninger av edderkopper til fargelegging – fra søte husedderkopper til store taranteller. Last ned gratis som PDF eller fargelegg direkte på nett!,Dyr,Ja
Fargelegge Ekorn,fargelegge-ekorn,Fargelegge Ekorn Tegning  - (35+ Gratis Utskiftbare Tegninger),Fargelegg ekorn gratis! Tegn rett i nettleseren eller skriv ut høyoppløselige PDF-filer. Perfekt aktivitet for barn eller voksene for en avslapning aktivitet ,Dyr,Ja
Fargelegge Elefant,fargelegge-elefant,Fargelegge Lastebil Tegning  - (36+ Gratis Utskiftbare Tegninger),"Fargelegg Elefant! – Enkle og morsomme fargeleggingsbilder! Forskjellige scener, morsomme og spennende motiver – klare til fargelegging. Perfekt for både barn og voksne!",Dyr,Ja
Fargelegge Fisk,fargelegge-fisk,Fargelegg Fisk Tegninger – Tegn Online Eller Last Ned Gratis,"Fargelegg Fisker – Enkle og utfordrende fargeleggingsbilder! torsk, sei og andre spennende fisker klare til fargelegging. Perfekt for både barn og voksne!
",Dyr,Ja
Fargelegge Fotball,fargelegge-fotball,Fargelegg Fotball Tegninger – Tegn Online Eller Last Ned Gratis,"Fargelegg Fotball – Enkle og kule fargeleggingsbilder! Spillere, dommere og spennende fotballscener klare til fargelegging. Perfekt for både barn og voksne!",Tegneserier,Ja
Fargelegge Fugler,fargelegge-fugler,Fargelegge For Barn På Tur - (40+ Gratis Utskiftbare Tegninger),"Fargelegg fugler! – Enkle og flotte tegninger av fugler som spurv, ugle, svane og ørn – klare til fargelegging. Perfekt aktivitet for barn som liker dyr og natur!",Dyr,Ja
Fargelegge Gravemaskin,fargelegge-gravemaskin,Fargelegge Gravemaskin Tegning  - (32+ Gratis Utskiftbare Tegninger),Fargelegg gravemaskiner! Enkle og spennende fargeleggingsbilder for barn og voksne. Last ned gratis og fargelegg på papir eller digitalt.,Kjøretøy,Ja
Fargelegge Gulrot,fargelegge-gulrot,Fargelegge Gulrot Tegning  - (50+ Gratis Utskiftbare Tegninger),Fargelegg gulrøtter gratis! Tegn rett i nettleseren eller skriv ut høyoppløselige PDF-filer. Perfekt aktivitet for barn hjemme eller på skolen.,Mat,Ja
Fargelegge Halloween ,fargelegge-halloween,Halloween Tegninger Til Fargelegging – Gratis og morsomme motiver,"Finn flotte Halloween-tegninger – klare til fargelegging!
Gratis utskriftsvennlige bilder av gresskar, spøkelser og skumle hus – perfekt aktivitet for barn og voksne.",Høytider,Ja
Fargelegge Havfrue ,fargelegge-havfrue,Fargelegge For Barn På Tur - (35+ Gratis Utskiftbare Tegninger),"Fargelegg havfruer! – Enkle og magiske tegninger av havfruer, sjøhester, skjell og korallrev – klare til fargelegging. Perfekt aktivitet for barn som elsker havet og eventyr!",Dyr,Ja
Fargelegge Heks,fargelegge-heks,Fargelegg Heks Tegninger– Tegn Online Eller Last Ned Gratis,Fargelegg heks-tegninger! Tegn direkte i nettleseren eller last ned gratis PDF-ark i høy kvalitet. Perfekt for både barn og voksne som elsker magi og heksehatt.,Tegneserier,Ja
Fargelegge Hest,fargelegge-hest,Fargelegg Hester Tegninger – Tegn Online Eller Last Ned Gratis,"Fargelegg Hester! – Enkle og stilige fargeleggingsbilder! Forskjellige hesteraser, morsomme og spennende motiver – klare til fargelegging. Perfekt for både barn og voksne!",Dyr,Ja
Fargelegge Insekter ,fargelegge-insekter,Fargelegge Lastebil Tegning  - (39+ Gratis Utskiftbare Tegninger),"Fargelegg Insekter! – Enkle og stilige fargeleggingsbilder! Forskjellige insekter, morsomme og spennende motiver – klare til fargelegging. Perfekt for både barn og voksne!",Dyr,Ja
Fargelegge Jordkloden,fargelegge-jordkloden,Fargelegg Jordkloden Tegninger – Tegn Online Eller Last Ned Gratis,Fargelegg Jordkloden – Enkle og kule fargeleggingsbilder! Morsomme og lærerike motiver klare til fargelegging. Perfekt for barn som ønsker å lære!,Vitenskap,Ja
Fargelegge Julen For Barn,fargelegge-julen-for-barn,Juletegninger Til Fargelegging – 50+ Gratis Motiver For Barn,"Fargelegg julen! Enkle og koselige juletegninger til fargelegging – nisser, juletrær, snømenn og gaver. Perfekt juleaktivitet for barn i adventstiden!",Høytider,Ja
Fargelegge Julenissen,fargelegge-julenissen,Fargelegge Julenissen  - (36+ Gratis Utskiftbare Tegninger),"Fargelegg julenissen! – Enkle og koselige tegninger av julenissen, reinsdyr, slede og gaver – klare til fargelegging. Perfekt juleaktivitet for barn i adventstiden!",Høytider,Ja
Fargelegge Juletre,fargelegge-juletre,Fargelegge Juletre - (30+ Gratis Utskiftbare Tegninger),"Fargelegg juletrær! – Enkle og koselige tegninger av juletrær med pynt, gaver og stjerner – klare til fargelegging. Perfekt juleaktivitet for barn i adventstiden!",Høytider,Ja
Fargelegge Kaker,fargelegge-kaker,Fargelegg kaker – Tegn Og Last Ned Gratis Kakeillustrasjoner,"Fargelegg kaker – cupcakes, bursdagskaker og godbiter! Tegn direkte i nettleseren eller last ned gratis høyoppløselige PDF-ark. Perfekt for barn og voksne.",Mat,Ja
Fargelegge Kanin,fargelegge-kanin,Fargelegg Kanin Tegninger – Tegn Online Eller Last Ned Gratis,"Fargelegg Kanin! – Enkle og stilige fargeleggingsbilder! Forskjellige hesteraser, morsomme og spennende motiver – klare til fargelegging. Perfekt for både barn og voksne!",Dyr,Ja
Fargelegge Lastebil ,fargelegge-lastebil,Fargelegge Lastebil Tegning  - (50+ Gratis Utskiftbare Tegninger),Fargelegg lastebiler gratis! Tegn rett i nettleseren eller skriv ut høyoppløselige PDF-filer. Perfekt aktivitet for barn eller voksene for en avslapning aktivitet ,Kjøretøy,Ja
Fargelegge Løve,fargelegge-love,Fargelegge Ekorn Tegning  - (37+ Gratis Utskiftbare Tegninger),Fargelegg løver gratis! Tegn rett i nettleseren eller skriv ut høyoppløselige PDF-filer. Perfekt aktivitet for barn eller voksene for en avslapning aktivitet ,Dyr,Ja
Fargelegge Rev,fargelegge-rev,Rev tegninger til fargelegging – Søte og morsomme rever,"Fargelegg Rev! – Enkle og stilige fargeleggingsbilder! Forskjellige scener, morsomme og spennende motiver – klare til fargelegging. Perfekt for både barn og voksne!",Dyr,Ja
Fargelegge Robot,fargelegge-robot,Fargelegg Robot Tegninger – Tegn Online Eller Last Ned Gratis,"Fargelegg Roboter – Enkle og stilige fargeleggingsbilder! Roboter som bygger, utforsker og gjør spennende oppgaver – klare til fargelegging. Perfekt for både barn og voksne!",Tegneserier,Ja
Fargelegge Romskip,fargelegge-romskip,Fargelegg Romskip Tegninger – Tegn Online Eller Last Ned Gratis,"Fargelegg romskip – UFO-er, raketter og galaktiske eventyr! Tegn direkte i nettleseren eller last ned gratis høyoppløselige PDF-ark. Perfekt for både barn og voksne.

",Vitenskap,Ja
Fargelegge Romvesen,fargelegge-romvesen,Fargelegge Lastebil Tegning  - (34+ Gratis Utskiftbare Tegninger),"Fargelegg Romvesen! – Enkle og stilige fargeleggingsbilder! Fantasifulle romvesen, morsomme og spennende motiver – klare til fargelegging. Perfekt for både barn og voksne!",Vitenskap,Ja
Fargelegge Skjell,fargelegg-skjell,Fargelegg Skjell Tegninger– Tegn Online Eller Last Ned Gratis,Fargelegg skjell-tegninger! Tegn direkte i nettleseren eller last ned gratis PDF-ark i høy kvalitet. Perfekt for både barn og voksne som elsker havets magi.,Natur,Ja
Fargelegge Sol,fargelegge-sol,Fargelegge Sol Tegning  - (21+ Gratis Utskiftbare Tegninger),Fargelegg lastebiler gratis! Tegn rett i nettleseren eller skriv ut høyoppløselige PDF-filer. Perfekt aktivitet for barn eller voksene for en avslapning aktivitet ,Natur,Ja
Fargelegge Tall,fargelegge-tall,Fargelegg Tall – Tegn Online Eller Last Ned Gratis,Fargelegg Tall – Enkle og kule fargeleggingsbilder! Morsomme og lærerike tall klare til fargelegging. Perfekt for barn som ønsker å lære!,Vitenskap,Ja
Fargelegge Troll,fargelegge-troll,Fargelegg Troll-Tegninger – Tegn Online Eller Last Ned Gratis,"Fargelegg Troll – Enkle og vanskelig fargeleggingsbilder! Skogstroll, fjelltroll og andre type troll klare til fargelegging. Perfekt for både barn og voksne!",Tegneserier,Ja
Fargelegge hjerter,fargelegge-hjerter,Fargelegge Hjerter - (35+ Gratis Utskiftbare Tegninger),Finn vakre tegninger av hjerter til fargelegging – enkle og søte motiver for barn som liker å spre glede og kjærlighet. Last ned gratis som PDF eller fargelegg direkte på nett!,Natur,Ja
Fargelegging Av Jenter,fargelegging-av-jenter,Fargelegg Jenter – Tegn Online Eller Last Ned Gratis,Fargelegg Jenter gratis! Tegn rett i nettleseren eller skriv ut høyoppløselige PDF-filer. Perfekt aktivitet for barn hjemme eller på skolen.,Vitenskap,Ja
Fargelegging Politibil ,fargelegging-politibil,Fargelegge Politibil Tegning  - (36+ Gratis Utskiftbare Tegninger),Fargelegg politibiler! Morsomme og lærerike tegninger av politibiler og utrykningskjøretøy. Last ned gratis og skriv ut i A4 eller A3.,Kjøretøy,Ja
Fargelgg PawPatrol,fargelgg-pawpatrol,Fargelegg PawPatrol – Tegn Online Eller Last Ned Gratis,Fargelegg PawPatrol gratis! Tegn rett i nettleseren eller skriv ut høyoppløselige PDF-filer. Perfekt aktivitet for barn hjemme eller på skolen.,Tegneserier,Nei
Farglegg sommerfugler,farglegg-sommerfugler,Fargelegg Sommerfugler – Tegn Online Eller Last Ned Gratis,Fargelegg Sommerfugler gratis! Tegn rett i nettleseren eller skriv ut høyoppløselige PDF-filer. Perfekt aktivitet for barn hjemme eller på skolen.,Dyr,Ja
Kawaii Tegninger For Fargelegging,kawaii-tegninger-for-fargelegging,Fargelegg Kawaii – Tegn Online Eller Last Ned Gratis,Fargelegg Kawaii gratis! Tegn rett i nettleseren eller skriv ut høyoppløselige PDF-filer. Perfekt aktivitet for barn hjemme eller på skolen.,Tegneserier,Ja
Pokemon Figurer,fargelegging-pokemon,Fargelegg Pokemon – Tegn Online Eller Last Ned Gratis,Fargelegg Pokemon gratis! Tegn rett i nettleseren eller skriv ut høyoppløselige PDF-filer. Perfekt aktivitet for barn hjemme eller på skolen.,Tegneserier,Nei
fargelegge racerbil,fargelegge-racerbil,Fargelegge Blader Tegning  - (40+ Gratis Utskiftbare Tegninger),Fargelegg racerbiler! Fartsfylte og morsomme tegninger av racerbiler og sportsbiler. Last ned gratis og skriv ut i A4 eller A3.,Kjøretøy,Ja
hakkebakkeskogen Figurer ,fargelegging-hakkebakkeskogen,Fargelegg Hakkebakkeskogen – Tegn Online Eller Last Ned Gratis,Fargelegg Hakkebakkeskogen gratis! Tegn rett i nettleseren eller skriv ut høyoppløselige PDF-filer. Perfekt aktivitet for barn hjemme eller på skolen.,Tegneserier,Nei